0001,ADMINISTRAÇÃO
0002,ADMINISTRAÇÃO DE PROJETOS EMPRESARIAIS
0003,ADMINISTRAÇÃO DE UNIDADES DE ALIMENTAÇÃO E NUTRIÇÃO I
0004,ADMINISTRAÇÃO DE UNIDADES DE ALIMENTAÇÃO E NUTRIÇÃO II
0005,ADMINISTRAÇÃO DOS SERVIÇOS DE SAÚDE
0006,ADMINISTRAÇÃO ESTRATÉGICA
0007,ADMINISTRAÇÃO FINANCEIRA E ORÇAMENTÁRIA I
0008,ADMINISTRAÇÃO FINANCEIRA E ORÇAMENTÁRIA II
0009,ÁLGEBRA LINEAR E GEOMETRIA ANALÍTICA
0010,ANÁLISE E PROJETO DE SISTEMAS
0011,ANÁLISE ORGANIZACIONAL E DE PROCESSOS
0012,ANATOMIA HUMANA
0013,ANATOMIA HUMANA APLICADA À EDUCAÇÃO FÍSICA
0014,ANATOMIA MÉDICA I
0015,ANATOMIA MÉDICA II
0016,ANATOMIA MÉDICA II (NEUROANATOMIA)
0017,ANATOMIA MÉDICA III
0018,ANATOMIA PATOLÓGICA
0019,ANATOMIA TOPOGRÁFICA APLICADA À IMAGEM
0020,ANTROPOLOGIA
0021,ANTROPOLOGIA JURÍDICA
0022,APRENDIZAGEM E DESENVOLVIMENTO MOTOR
0023,APTIDÃO FÍSICA APLICADA À EDUCAÇÃO FÍSICA
0024,ARQUITETURA DE COMPUTADORES
0025,ATENÇÃO À GESTANTE, CRIANÇA E ADOLESCENTE
0026,ATENÇÃO À MULHER, ADULTO E IDOSO
0027,AVALIAÇÃO NUTRICIONAL
0028,BANCO DE DADOS I
0029,BANCO DE DADOS II
0030,BASES BIOLÓGICAS APLICADAS À EDUCAÇÃO FÍSICA
0031,BASES DA ANESTESIOLOGIA
0032,BASES HUMANÍSTICAS DA MEDICINA
0033,BIOESTATÍSTICA
0034,BIOÉTICA
0035,BIOFÍSICA MÉDICA
0036,BIOLOGIA CELULAR E MOLECULAR
0037,BIOQUÍMICA
0038,BIOQUÍMICA APLICADA À MEDICINA
0039,BIOQUÍMICA BÁSICA
0040,BIOQUÍMICA DOS ALIMENTOS E BROMATOLOGIA
0041,BIOQUÍMICA MÉDICA I
0042,BIOQUÍMICA MÉDICA II
0043,CIÊNCIA POLÍTICA E TEORIA GERAL DO ESTADO
0044,CINEANTROPOMETRIA
0045,CINESIOLOGIA
0046,CITOLOGIA, HISTOLOGIA E EMBRIOLOGIA
0047,TÉCNICA CIRÚRGICA ( TÉCNICA OPERATÓRIA )
0048,CLÍNICA DA CRIANÇA I
0049,CLÍNICA DA CRIANÇA II
0050,CLÍNICA DA MULHER
0051,CLÍNICA DO ADULTO I
0052,CLÍNICA DO ADULTO II
0053,OPTATIVA II - CLÍNICA EXPERIMENTAL HABILIDADES MÉDICAS
0054,CLÍNICA MÉDICA I
0055,CLÍNICA MÉDICA II / TERAPÊUTICA INTEGRADA À CLÍNICA MÉDICA I
0056,COMÉRCIO EXTERIOR
0057,COMPORTAMENTO ORGANIZACIONAL
0058,COMPUTAÇÃO GRÁFICA
0059,COMUNICAÇÃO E NEGOCIAÇÃO
0060,CONTABILIDADE E CUSTOS
0061,CULTURA ORGANIZACIONAL
0062,DERMATOLOGIA
0063,DESENVOLVIMENTO E COMUNICAÇÃO COMUNITÁRIA
0064,DIETOTERAPIA I
0065,DIETOTERAPIA II
0066,DIMENSÕES FILOSÓFICAS, SOCIOLÓGICAS E ANTROPOLÓGICAS DA EDUC
0067,DIREITO
0068,DIREITO  CONSTITUCIONAL III
0069,DIREITO ADMINISTRATIVO
0070,DIREITO ADMINISTRATIVO I
0071,DIREITO ADMINISTRATIVO II
0072,DIREITO ADMINISTRATIVO III
0073,DIREITO AGRÁRIO E URBANÍSTICO
0074,DIREITO AMBIENTAL
0075,DIREITO BANCÁRIO
0076,DIREITO CIVIL I - PARTE GERAL
0077,DIREITO CIVIL I - PARTE GERAL I
0078,DIREITO CIVIL II - OBRIGAÇÕES
0079,DIREITO CIVIL II - PARTE GERAL II
0080,DIREITO CIVIL III - CONTRATOS I
0081,DIREITO CIVIL III - OBRIGAÇÕES
0082,DIREITO CIVIL IV - CONTRATOS II / TEORIA DA RESPONSABILIDADE
0083,DIREITO CIVIL IV - CONTRATOS
0084,DIREITO CIVIL V - REAIS
0085,DIREITO CIVIL V - COISAS
0086,DIREITO CIVIL VI - FAMÍLIA
0087,DIREITO CIVIL VII - SUCESSÕES
0088,DIREITO COMERCIAL
0089,DIREITO COMERCIAL I
0090,DIREITO COMERCIAL II
0091,DIREITO COMERCIAL III
0092,DIREITO CONSTITUCIONAL
0093,DIREITO CONSTITUCIONAL ECONOMICO
0094,DIREITO CONSTITUCIONAL I
0095,DIREITO CONSTITUCIONAL II
0096,DIREITO CONSTITUCIONAL III
0097,DIREITO COOPERATIVISTA
0098,DIREITO DA EMPRESA I
0099,DIREITO DA EMPRESA II
0100,DIREITO DA EMPRESA III
0101,DIREITO DA SEGURIDADE SOCIAL
0102,DIREITO DAS NEGOCIAÇÕES, MEDIAÇÃO E ARBITRAGEM
0103,DIREITO DAS OBRIGAÇÕES E CONTRATOS
0104,DIREITO DAS RELAÇÕES DE CONSUMO
0105,DIREITO DAS RELAÇÕES DE TRABALHO E DIREITO PREVIDENCIÁRIO
0106,DIREITO DAS SOCIEDADES
0107,DIREITO DO CONSUMIDOR
0108,DIREITO DO TRABALHO I
0109,DIREITO DO TRABALHO II
0110,DIREITO ECONÔMICO
0111,DIREITO ELEITORAL
0112,DIREITO FINANCEIRO E ECONÔMICO
0113,DIREITO INTERNACIONAL PRIVADO
0114,DIREITO INTERNACIONAL PÚBLICO
0115,DIREITO MUNICIPAL
0116,DIREITO PENAL
0117,DIREITO PENAL - TEORIA DO CRIME
0118,DIREITO PENAL ECONOMICO
0119,DIREITO PENAL I
0120,DIREITO PENAL I - PARTE GERAL I
0121,DIREITO PENAL II
0122,DIREITO PENAL II - PARTE GERAL II
0123,DIREITO PENAL III
0124,DIREITO PENAL III - PARTE ESPECIAL I
0125,DIREITO PENAL IV
0126,DIREITO PENAL IV - PARTE ESPECIAL II
0127,DIREITO PENAL V
0128,DIREITO PENAL V - PARTE ESPECIAL III / LEGISLAÇÃO ESPECIAL
0129,DIREITO PREVIDENCIÁRIO
0130,DIREITO PROCESSUAL CIVIL
0131,DIREITO PROCESSUAL CIVIL - PROCESSO DE CONHECIMENTO
0132,DIREITO PROCESSUAL CIVIL - PROCESSO DE EXECUÇÃO
0133,DIREITO PROCESSUAL CIVIL I
0134,DIREITO PROCESSUAL CIVIL II
0135,DIREITO PROCESSUAL CIVIL III
0136,DIREITO PROCESSUAL CIVIL IV
0137,DIREITO PROCESSUAL DO TRABALHO
0138,DIREITO PROCESSUAL PENAL
0139,DIREITO PROCESSUAL PENAL I
0140,DIREITO PROCESSUAL PENAL II
0141,DIREITO PROCESSUAL PENAL III
0142,DIREITO TRIBUTÁRIO
0143,DIREITO TRIBUTÁRIO E ECONOMICO
0144,DOENÇAS INFECCIOSAS E PARASITÁRIAS
0145,ECONOMIA
0146,ECONOMIA DE EMPRESA
0147,ECONOMIA E FINANÇAS
0148,ECONOMIA POLÍTICA
0149,EDUCAÇÃO FÍSICA DO ENSINO FUNDAMENTAL
0150,EDUCAÇÃO FÍSICA DO ENSINO INFANTIL E FUNDAMENTAL I
0151,EDUCAÇÃO FÍSICA DO ENSINO MÉDIO
0152,EDUCAÇÃO NUTRICIONAL
0153,ELETIVA
0154,EMPREENDEDORISMO E CRIAÇÃO DE NEGÓCIOS
0155,ENGENHARIA DE SOFTWARE
0156,EPIDEMIOLOGIA
0157,EPIDEMIOLOGIA E BIOESTATÍSTICA
0158,EQUIPE MULTIPROFISSIONAL EM SAÚDE
0159,ESCRITÓRIO MODELO DE ASSISTÊNCIA JURÍDICA I
0160,ESCRITÓRIO MODELO DE ASSISTÊNCIA JURÍDICA II
0161,ESCRITÓRIO MODELO DE ASSISTÊNCIA JURÍDICA III
0162,ESCRITÓRIO MODELO DE ASSISTÊNCIA JURÍDICA IV
0163,EST. SUP. INT. III SAÚDE COLETIVA ( COM ÊNFASE EM SAÚDE NA F
0164,ESTÁGIO SUPERVISIONADO
0165,ESTÁGIO SUPERVISIONADO EM NUTRIÇÃO CLÍNICA
0166,ESTÁGIO SUPERVISIONADO EM NUTRIÇÃO SOCIAL I
0167,ESTÁGIO SUPERVISIONADO EM NUTRIÇÃO SOCIAL II
0168,ESTÁGIO SUPERVISIONADO EM ADMINISTRAÇÃO DE UNIDADES DE ALIME
0169,ESTÁGIO SUPERVISIONADO I
0170,ATIVIDADE COMPLEMENTAR
0171,ESTÁGIO SUPERVISIONADO II
0172,TRABALHO DE CONCLUSÃO DE CURSO I
0173,ESTÁGIO SUPERVISIONADO III
0174,ESTÁGIO SUPERV. INTERNATO I (SAÚDE INTEGRAL DA CRIANÇA I)
0175,ESTÁGIO SUPERV. INTERNATO II (CLÍNICA CIRÚRGICA IV)
0176,ESTATÍSTICA APLICADA
0177,ESTATUTO DA CRIANÇA E DO ADOLESCENTE
0178,ESTRATÉGIA EMPRESARIAL
0179,ESTRUTURA DE DADOS
0180,ÉTICA GERAL E JURÍDICA
0181,ÉTICA PROFISSIONAL DA NUTRIÇÃO
0182,FALÊNCIA E REORGANIZAÇÃO EMPRESARIAL
0183,FARMACOLOGIA APLICADA À NUTRIÇÃO
0184,FARMACOLOGIA MÉDICA I
0185,FILOSOFIA DO DIREITO
0186,FILOSOFIA E ÉTICA
0187,FILOSOFIA GERAL
0188,FISIOLOGIA DO EXERCÍCIO
0189,FISIOLOGIA HUMANA
0190,FISIOLOGIA MÉDICA
0191,FISIOLOGIA MÉDICA DOS SISTEMAS
0192,FISIOLOGIA MÉDICA I
0193,FISIOLOGIA MÉDICA II
0194,FISIOPATOLOGIA DA NUTRIÇÃO
0195,FUNDAMENTOS BÁSICOS DA ADMINISTRAÇÃO
0196,FUNDAMENTOS DE CONTABILIDADE
0197,FUNDAMENTOS DA EDUCAÇÃO FÍSICA PARA PESSOAS PORTADORAS DE NE
0198,FUNDAMENTOS DE ESTRATÉGIA COMPETITIVA
0199,FUNDAMENTOS DE GESTÃO DE PESSOAS
0200,FUNDAMENTOS DE OPERAÇÕES LOGÍSTICAS
0201,FUNDAMENTOS, POLÍTICAS E LEGISLAÇÃO DA EDUCAÇÃO BÁSICA
0202,GENÉTICA E EVOLUÇÃO
0203,GENÉTICA E EVOLUÇÃO PARA MEDICINA
0204,GERIATRIA E GERONTOLOGIA
0205,GESTÃO AMBIENTAL
0206,GESTÃO DA INFORMAÇÃO
0207,GESTÃO DA INFORMAÇÃO E DO PROCESSO DECISÓRIO
0208,GESTÃO DA INOVAÇÃO TECNOLÓGICA
0209,GESTÃO DE TECNOLOGIA DA INFORMAÇÃO
0210,GESTÃO DE CUSTOS
0211,GESTÃO DE PESSOAS I
0212,GESTÃO DE PESSOAS II
0213,GESTÃO DE QUALIDADE
0214,GESTÃO DE TECNOLOGIA DA INFORMAÇÃO
0215,GESTÃO DE VENDAS E DISTRIBUIÇÃO
0216,GESTÃO DO CONTROLE
0217,GESTÃO ECONÔMICA
0218,GESTÃO ESTRATÉGICA DE MARKETING
0219,GESTÃO FINANCEIRA
0220,GINECOLOGIA E OBSTETRÍCIA I
0221,OPTATIVA  IV - HEMATOLOGIA
0222,HERMENÊUTICA JURÍDICA
0223,HIGIENE E SOCORROS DE URGÊNCIA APLICADOS À EDUCAÇÃO FÍSICA
0224,HISTOLOGIA E EMBRIOLOGIA DOS SISTEMAS
0225,HISTOLOGIA E EMBRIOLOGIA GERAIS
0226,HISTOLOGIA E EMBRIOLOGIA MÉDICA I
0227,HISTOLOGIA E EMBRIOLOGIA MÉDICA II
0228,HISTÓRIA DA EDUCAÇÃO E DA EDUCAÇÃO FÍSICA
0229,HISTÓRIA DA MEDICINA
0230,HISTÓRIA DO DIREITO
0231,FARMACOLOGIA MÉDICA II
0232,IMUNOLOGIA
0233,IMUNOLOGIA MÉDICA
0234,INFORMÁTICA APLICADA À MEDICINA
0235,INFORMATICA AVANÇADA
0236,INFORMATICA BASICA
0237,INFORMÁTICA E SOCIEDADE
0238,INFORMATICA INTERMEDIÁRIA
0239,INFORMÁTICA JURÍDICA
0240,INICIAÇÃO À CIÊNCIA
0241,INICIAÇÃO À PESQUISA EM DIREITO
0242,INTER. EM S. NA FAM OU CLÍN. MÉD. OU PED. OU TOCOG. OU CIRUR
0243,INTERAÇÃO COMUNITÁRIA I
0244,INTERAÇÃO COMUNITARIA II
0245,INTERAÇÃO COMUNITÁRIA III
0246,INTERAÇÃO COMUNITÁRIA IV
0247,INTERAÇÃO COMUNITÁRIA V
0248,INTERAÇÃO COMUNITÁRIA VI
0249,INTERAÇÃO COMUNITÁRIA VII
0250,INTERAÇÃO COMUNITÁRIA VIII
0251,INTERFACE HOMEM-MÁQUINA
0252,INTERNATO EM CLÍNICA MÉDICA (SAÚDE INTEGRAL DO ADULTO II)
0253,INTERNATO EM GINECOLOGIA - (SAÚDE INTEGRAL DA MULHER I)
0254,INTERNATO OPTATIVO EM ÁREAS BÁSICAS OU EM ÁREAS ESPECÍFICAS
0255,INTRODUÇÃO À ADMINISTRAÇÃO
0256,INTRODUÇÃO À CIÊNCIA DA COMPUTAÇÃO
0257,INTRODUÇÃO À COMPUTABILIDADE E ALGORITMOS
0258,INTRODUÇÃO À ECONOMIA
0259,INTRODUÇÃO À EDUCAÇÃO FÍSICA
0260,INTRODUÇÃO À INFORMÁTICA
0261,INTRODUÇÃO À INTELIGÊNCIA ARTIFICIAL
0262,INTRODUÇÃO À LÓGICA MATEMÁTICA
0263,INTRODUÇÃO À NUTRIÇÃO
0264,INTRODUÇÃO À PROGRAMAÇÃO
0265,INTRODUÇÃO A SISTEMAS DE INFORMAÇÃO
0266,INTRODUÇÃO AO CÁLCULO
0267,INTRODUÇÃO AO ESTUDO DO DIREITO I
0268,INTRODUÇÃO AO ESTUDO DO DIREITO I
0269,INTRODUÇÃO AO ESTUDO DO DIREITO II
0270,JOGOS DE EMPRESAS
0271,LABORATÓRIO DE LINGUAGEM DE PROGRAMAÇÃO
0272,LABORATÓRIO DE PRÁTICA JURÍDICA I - CIVIL
0273,LABORATÓRIO DE PRÁTICA JURÍDICA II - CIVIL
0274,PRÁTICA JURÍDICA III - PENAL
0275,PRÁTICA JURÍDICA IV - TRABALHISTA
0276,LEGISLAÇÃO E HIGIENE DE ALIMENTOS
0277,LÍNGUA PORTUGUESA E COMUNICAÇÃO I
0278,LÍNGUA PORTUGUESA E COMUNICAÇÃO II
0279,LINGUAGEM DE PROGRAMAÇÃO ORIENTADA AO OBJETO
0280,LOGÍSTICA E PLANEJAMENTO DE OPERAÇÕES I
0281,LOGÍSTICA E PLANEJAMENTO DE OPERAÇÕES II
0282,MARCOS HISTÓRICOS E CONCEITUAIS DA SAÚDE NA FAMÍLIA
0283,MARKETING BÁSICO
0284,MARKETING AVANÇADO
0285,MARKETING E EMPREENDEDORISMO
0286,MATEMÁTICA APLICADA
0287,MATEMÁTICA COMERCIAL E FINANCEIRA
0288,MATEMÁTICA DISCRETA
0289,MEDICINA  LEGAL E DEONTOLOGIA MÉDICA
0290,MEDICINA LEGAL
0291,MEIOS DE SOLUÇÕES DE CONFLITO
0292,METODOLOGIA CIENTÍFICA
0293,METODOLOGIA CIENTÍFICA
0294,METODOLOGIA DO ENSINO SUPERIOR
0295,METODOLOGIA DO TRABALHO CIENTÍFICO
0296,METODOLOGIA DO TRABALHO CIENTÍFICO E DA PESQUISA CIENTÍFICA
0297,MÉTODOS E PROCESSOS ADMINISTRATIVOS
0298,MICROBIOLOGIA
0299,MICROBIOLOGIA DOS ALIMENTOS
0300,MICROBIOLOGIA MÉDICA
0301,MODELOS DE GESTÃO ADMINISTRATIVA
0302,MODELOS DE LINGUAGEM DE PROGRAMAÇÃO
0303,MONOGRAFIA FINAL I - ORIENTAÇÃO
0304,MONOGRAFIA FINAL II - (TÍTULO)
0305,MOTIVAÇÃO E LIDERANÇA
0306,NEUROFISIOLOGIA MÉDICA
0307,NORMAS GERAIS DE DIREITO TRIBUTÁRIO
0308,NUTRIÇÃO APLICADA À EDUCAÇÃO FÍSICA
0309,NUTRIÇÃO APLICADA AO ESPORTE
0310,NUTRIÇÃO BÁSICA
0311,NUTRIÇÃO EM SAÚDE PÚBLICA
0312,NUTRIÇÃO EXPERIMENTAL
0313,NUTRIÇÃO NOS CICLOS DA VIDA I
0314,NUTRIÇÃO NOS CICLOS DA VIDA II
0315,OFTALMOLOGIA
0316,GRANDES SÍNDROMES
0317,OPTATIVA VII -TRAUMA
0318,OPTATIVA VII
0319,ORDENAÇÃO E PESQUISA
0320,ORGANIZAÇÃO DE EVENTOS EM EDUCAÇÃO FÍSICA E ESPORTE
0321,ORGANIZAÇÃO, SISTEMAS E MÉTODOS
0322,OTORRINOLARINGOLOGIA
0323,PARASITOLOGIA
0324,PARASITOLOGIA MÉDICA
0325,PATOLOGIA GERAL
0326,PATOLOGIA MÉDICA
0327,PEDAGOGIA DA GINÁSTICA
0328,PEDAGOGIA DAS ATIVIDADES RÍTMICAS E DANÇA APLIC. À ED.FÍSICA
0329,PEDAGOGIA DAS ATIVIDADES AQUÁTICAS
0330,PEDAGOGIA DAS LUTAS
0331,PEDAGOGIA DOS ESPORTES COLETIVOS I
0332,PEDAGOGIA DOS ESPORTES INDIVIDUAIS
0333,PEDIATRIA I
0334,PEDIATRIA II
0335,PENSAMENTO PEDAGÓGICO E DIDÁTICA DA EDUCAÇÃO FÍSICA
0336,PESQUISA OPERACIONAL
0337,PLANEJAMENTO EMPRESARIAL
0338,PLANEJAMENTO TRIBUTÁRIO
0339,PLANEJAMENTO, PROGRAMAÇÃO E AVALIAÇÃO EM SAÚDE PÚBLICA
0340,PODER JUDICIÁRIO E FUNÇÕES ESSENCIAIS DA JUSTIÇA
0341,POLÍTICAS PÚBLICAS DE SAÚDE
0342,PORTUGUÊS INSTRUMENTAL
0343,PRÁTICA JURÍDICA I
0344,PRÁTICA JURÍDICA II
0345,PRÁTICA JURÍDICA III
0346,PRÁTICA JURÍDICA IV
0347,OPTATIVA I - PRIMEIROS SOCORROS
0348,PROBABILIDADE E ESTATÍSTICA
0349,PROJETO FINAL DE CURSO
0350,PROMOÇÃO PROTEÇÃO E RECUPERAÇÃO DA SAÚDE
0351,PSICOLOGIA
0352,PSICOLOGIA APLICADA
0353,PSICOLOGIA APLICADA AO DIREITO
0354,PSICOLOGIA MÉDICA
0355,PSIQUIATRIA
0356,QUÍMICA ORGÂNICA
0357,REDES DE COMPUTADORES I
0358,REDES DE COMPUTADORES II
0359,RESPONSABILIDADE SOCIAL
0360,ROD. EM CLÍN. MÉD. TOCOGNECOLOGIA, CIR. GERAL, PEDIATRIA, S.
0361,RODÍZIO EM CLÍNICA MÉDICA, TOCOGINECOLOGIA, CIR. G. E C. MED
0362,RODÍZIO EM PED., GINECOLOGIA-OBSTETRÍCIA, C. G. E C. MED
0363,SAÚDE COLETIVA (COM ÊNFASE EM SAÚDE NA FAMÍLIA)
0364,SAÚDE DA FAMÍLIA
0365,SAÚDE DO IDOSO
0367,SAÚDE E SOCIEDADE
0368,SAÚDE E SOCIEDADE (SAÚDE NA FAMÍLIA)
0369,SAÚDE E TRABALHO
0370,SAÚDE MENTAL
0371,SAÚDE PÚBLICA E PROCESSO SAÚDE DOENÇA
0372,SEGURANÇA E AUDITORIA DE SISTEMAS
0373,SEMIOLOGIA GERAL E DA CRIANÇA
0374,SISTEMAS DE APOIO À DECISÃO
0375,SISTEMAS DE INFORMAÇÃO EM SAÚDE
0376,SISTEMAS DE INFORMAÇÕES GERENCIAIS
0377,SISTEMAS OPERACIONAIS
0378,SOCIOLOGIA
0379,SOCIOLOGIA APLICADA
0380,SOCIOLOGIA GERAL
0381,SOCIOLOGIA GERAL E JURÍDICA
0382,SOCIOLOGIA JURÍDICA
0383,TÉCNICA DIETÉTICA I
0384,TÉCNICA DIETÉTICA II
0385,TÉCNICA CIRÚRGICA
0386,TECNOLOGIA DOS ALIMENTOS
0387,TEORIA GERAL DA ADMINISTRAÇÃO
0388,TEORIA GERAL DE SISTEMAS
0389,TEORIA GERAL DO PROCESSO
0390,TERAPÊUTICA INTEGRADA À CLÍNICA MÉDICA I
0391,TERAPÊUTICA INTEGRADA À CLINICA MÉDICA II
0392,TÍTULOS DE CRÉDITOS
0393,TRABALHO DE CONCLUSÃO DE CURSO - TCC I
0394,TRABALHO DE CONCLUSÃO DE CURSO - TCC II
0395,ORTOPEDIA E TRAUMATOLOGIA
0396,USO DE EVIDÊNCIAS EM SAÚDE PÚBLICA
0397,VIGILÂNCIA EPIDEMIOLÓGICA
0398,VIGILÂNCIA SANITÁRIA E AMBIENTAL
0399,METODOLOGIA DA PESQUISA CIENTÍFICA
0400,ESTÁGIO SUPERVISIONADO INTERNATO II
0401,ESTÁGIO SUPERVISIONADO INTERNATO I
0402,ESTÁGIO SUPERVISIONADO INTERNATO III
0403,ESTÁGIO SUPERVISIONADO INTERNATO IV
0404,TRABALHO DE CONCLUSÃO DE CURSO - TCC I
0405,TRABALHO DE CONCLUSÃO DE CURSO - TCC II
0406,ESTÁGIO SUPERVISIONADO I
0407,ESTÁGIO SUPERVISIONADO - CAMPO
0408,MORFOFUNCIONAL I
0409,CÉLULA I
0410,PRIMEIROS SOCORROS I
0411,IMAGENOLOGIA
0412,OPTATIVA III - MEDICINA BASEADA EM EVIDÊNCIAS
0413,MORFOFUNCIONAL II
0414,CÉLULA II
0415,PRIMEIROS SOCORROS II
0416,BASES HUMANÍSTICAS
0417,OPTATIVA III- ASPECTOS LABORATORIAIS DE DIAGNÓSTICO CLÍNICO
0418,OPTATIVA V - OTORRINOLARINGOLOGIA / OFTALMOLOGIA
0419,TERAPIA INTENSIVA
0420,CIÊNCIAS HUMANAS E SOCIOLÓGICAS
0421,VIGILÂNCIA EM SAÚDE
0422,MORFOFUNCIONAL III
0423,AGRESSÃO E DEFESA I
0424,PENSAMENTO CIENTÍFICO I
0426,OPTATIVA I - O SUS COMO ESCOLA
0427,MORFOFUNCIONAL IV
0428,AGRESSÃO E DEFESA II
0429,PENSAMENTO CIENTÍFICO II
0430,FARMACOLOGIA I
0431,OPTATIVA II - ASPECTOS LABORATORIAIS DE DIAGNÓSTICO CLÍNICO
0432,PORTUGUÊS I
0433,METODOLOGIA CIENTÍFICA I
0434,ESTÁGIO SUPERVISIONADO I
0435,TRABALHO DE CONCLUSÃO DE CURSO II
0436,LÍNGUA PORTUGUESA E COMUNICAÇÃO I
0437,FILOSOFIA GERAL E ÉTICA GERAL
0438,CRIMINOLOGIA
0439,OPTATIVA IV - INTERPRETAÇÃO DE ELETROCARDIOGRAMA / ANTIBIOTI
0440,CLÍN. CIRÚRGICA / CLÍN. MÉDICA II / GO / PED.-(IMAGEM)
0441,CLÍN. CIRÚRGICA / CLÍN. MÉDICA II / GO / PED.-(LABORATÓRIO)
0442,OPTATIVA VI - ELETROCARDIOGRAMA / HISTÓRIA DA MEDICINA
0443,CLÍNICA MÉDICA I
0483,METODOLOGIA CIENTIFICA I E II
0484,SEGURANÇA ALIMENTAR E NUTRICIONAL II
0485,NUTRIÇÃO E SOCIEDADE III
0486,MÉTODOS CIENTÍFICOS II
0487,NUTRIÇÃO E DIETÉTICA I
0488,AGRESSÃO E DEFESA I
0489,SEGURANÇA ALIMENTAR E NUTRICIONAL II
0490,NUTRIÇÃO E DIETÉTICA II
0491,FISIOPATOLOGIA
0492,AGRESSÃO E DEFESA
0493,BROMATOLOGIA E COMPOSIÇÃO DOS ALIMENTOS
0494,NUTRIÇÃO CLÍNICA I
0495,NUTRIÇÃO NOS CICLOS DA VIDA I
0496,GESTÃO E QUALIDADE EM NUTRIÇÃO I
0497,ÉTICA E EXERCÍCIO PROFISSIONAL
0498,NUTRIÇÃO CLÍNICA I
0499,NUTRIÇÃO NOS CICLOS DA VIDA I
0500,GESTÃO E QUALIDADE EM NUTRIÇÃO I
0501,NUTRIÇÃO EXPERIMENTAL
0502,ÉTICA  E EXERCÍCIO DA PROFISSÃO II
0503,DIETOTERAPIA II
0504,DESENVOLVIMENTO E COMUNICAÇÃO COMUNITÁRIA
0505,ADMINISTRAÇÃO DE UNIDADES DE ALIMENTAÇÃO E NUTRIÇÃO II
0506,MARKETING E EMPREENDEDORISMO
0507,NUTRIÇÃO APLICADA AO ESPORTE
0508,NUTRIÇÃO NOS CICLOS DA VIDA II
0509,ESTÁGIO SUPERVISIONADO EM NUTRIÇÃO SOCIAL I
0510,ESTÁGIO SUPERVISIONADO EM UNIDADES DE ALIMENTAÇÃO E NUTRIÇÃO
0511,TRABALHO DE CONCLUSÃO DE CURSO (TCC) I
0512,ESTÁGIO SUPERVISIONADO EM NUTRIÇÃO SOCIAL II
0513,ESTÁGIO SUPERVISIONADO EM NUTRIÇÃO SOCIAL II
0514,TRABALHO DE CONCLUSÃO DE CURSO (TCC) II
0515,SEGURANÇA ALIMENTAR E NUTRICIONAL I
0516,NUTRIÇÃO E SOCIEDADE III
0517,GESTÃO E EMPREENDEDORISMO
0518,DISCIPLINA COMPLEMENTAR OBRIGATÓRIA I
0519,DISCIPLINA COMPLEMENTAR OBRIGATÓRIA II
0520,ESTÁGIO SUPERVISIONADO EM NUTRIÇÃO EM SAÚDE PÚBLICA
0521,DIREITO CIVIL I (PARTE GERAL II)
0522,TÓPICOS AVANÇADOS EM NUTRIÇÃO
0523,DIREITO CONSTITUCIONAL I
0524,DIREITO EMPRESARIAL I
0525,ACUMPUTURA
0526,SEMIOLOGIA ESPECIAL
0527,FARMACOLOGIA II
0528,MEDICINA LEGAL/BIOÉTICA
0529,PSICOLOGIA MÉDICA
0530,COMUNICAÇÃO E DESENVOLVIMENTO COMUNITÁRIO
0531,CLÍNICA CIRÚRGICA II
0532,SAÚDE INTEGRAL DO ADULTO I
0533,SAÚDE INTEGRAL DA CRIANÇA I
0534,SAÚDE INTEGRAL DA MULHER I
0535,ELETIVA I
0536,CLÍNICA CIRÚRGICA III
0537,SAÚDE INTEGRAL DO ADULTO III
0538,SAÚDE INTEGRAL DA CRIANÇA III
0539,CLÍNICA CIRÚRGICA V
0540,SAÚDE INTEGRAL DA MULHER III
0541,ELETIVO III
0542,MEDICINA COMUNITÁRIA E URGÊNCIA E EMERGÊNCIA
0543,GINECOLOGIA E OBSTETRÍCIA I
0544,SAÚDE E DOENÇA MENTAL
0546,CLÍNICA CIRÚRGICA I
0547,TRABALHO DE CONCLUSÃO DE CURSO - TCC II
0548,METODOLOGIA DO TRABALHO CIENTÍFICO
0549,DIREITO CIVIL III - OBRIGAÇÕES
0550,DIREITO CIVIL IV - REAIS
0551,ESTAGIO SUPERVISIONADO II
0552,OPTATIVA VII - EMERGÊNCIAS MEDICAS
0553,INTERAÇÃO COMUNITÁRIA VI
0554,CLÍNICA INTEGRADA I ( LABORATÓRIO + IMAGEM)
0555,EDUCAÇÃO FÍSICA DO ENSINO FUNDAMENTAL II
0556,ESTÁGIO SUPERVISIONADO II
0557,DIREITO CIVIL II - PARTE GERAL II
0558,SAÚDE INTEGRAL DA MULHER II
0559,DIREITO CIVIL V - FAMÍLIA
0560,PROGRAMAÇÃO DE COMPUTADORES I
0561,DESENVOLVIMENTO DE COMPETÊNCIAS ORGANIZACIONAIS
0562,PROGRAMAÇÃO DE COMPUTADORES II
0563,PROGRAMAÇÃO DE COMPUTADORES III
0564,DESENVOLVIMENTO DE APLICAÇÕES CORPORATIVAS I
0565,DESENVOLVIMENTO DE APLICAÇÕES CORPORATIVAS II
0566,ELABORAÇÃO DE PROJETO DE SISTEMAS
0567,SISTEMAS AVANÇADOS DE COMPUTAÇÃO
0568,INTRODUÇÃO À COMPUTABILIDADE
0569,GESTÃO DA INOVAÇÃO
0570,DIREITO CIVIL VI - SUCESSÕES
0571,PRÁTICA JURÍDICA I - CÍVEL
0572,NUTRIÇÃO CLÍNICA II
0573,GESTÃO E QUALIDADE EM NUTRIÇÃO II
0574,METODOLOGIA CIENTÍFICA II
0575,ESTÁGIO SUPERVISIONADO III
0576,LEGISLAÇÃO PENAL ESPECIAL
0577,ÉTICA E EXERCÍCIO DA PROFISSÃO I
NULL
0579,ATUALIZAÇÃO JURÍDICA II
0580,ATUALIZAÇÃO JURÍDICA III
0581,ATUALIZAÇÃO JURÍDICA IV
0582,OPTATIVA I - SUPORTE NUTRICIONAL I
0583,OPTATIVA I - EMERGÊNCIAS MÉDICAS
0584,PENSAMENTO CIENTÍFICO
0585,INTRODUÇÃO AO ESTUDO DO DIREITO
0586,OPTATIVA V - ELETROCARDIOGRAMA
0587,HISTÓRIA DA EDUCAÇÃO FÍSICA
0588,DIDÁTICA DA EDUCAÇÃO FÍSICA
0589,ATLETISMO
0590,APTIDÃO FÍSICA APLICADA À EDUCAÇÃO FÍSICA
0591,ESPORTES COLETIVOS III
0592,OPTATIVA I -  BIOMECÂNICA APLICADA À ATIVIDADE FÍSICA
0593,FUNDAMENTOS, POLÍTICAS E LEGISLAÇÃO DA EDUCAÇÃO FÍSICA
0594,ATIVIDADES AQUÁTICAS
0595,OPTATIVA II - NÚCLEO TEMÁTICO II
0596,CLÍNICA CIRÚRGICA III
0597,ELETIVA
0598,SAÚDE INTEGRAL DA CRIANÇA III
0599,SAÚDE INTEGRAL DA MULHER III
0600,SAÚDE INTEGRAL DO ADULTO IV
0601,OPTATIVA I - SUPORTE NUTRICIONAL II
0602,OPTATIVA II - POLÍTICAS PÚBLICAS DE SAÚDE II
0603,EDUCAÇÃO FÍSICA E SOCIEDADE II
0604,PEDAGOGIA DAS ATIV. RÍTMICAS E DA GINÁSTICA APL. À E. FÍSICA
0605,ESPORTES COLETIVOS II
0606,JOGOS E BRINCADEIRAS
0607,ATIVIDADES RÍTMICAS E GINÁSTICA APLICADAS À ED. FÍSICA
0608,OPTATIVA II - PERSONAL TRAINING
0609,GINÁSTICA
0610,LUTAS
0611,OPTATIVA IV - ELETROCARDIOGRAMA
0612,OPTATIVA VI - METODOLOGIA ATIVA EM CASOS CLÍNICOS
0613,FUNDAMENTOS DE JOGOS DIGITAIS
0614,LÓGICA DE PROGRAMAÇÃO
0615,PROJETO INTEGRADOR DE JOGOS DIGITAIS I (SOFTWARE UNITY)
0616,DIDÁTICA
0617,EDUCAÇÃO INFANTIL
0618,FILOSOFIA DA EDUCAÇÃO
0619,MEIOS TECNOLÓGICOS DA EDUCAÇÃO
0620,PROJETO INTEGRADOR II
0621,PRIMEIROS SOCORROS
0622,QUÍMICA II
0623,SAÚDE INTEGRAL DO ADULTO V
0624,OPTATIVA I - COMUNICAÇÃO E EXPRESSÃO
0625,ENFERMAGEM, SAÚDE E SOCIEDADE I
0626,ENFERMAGEM,SAÚDE E SOCIEDADE II
0627,OPTATIVA I - DIREITO DO CONSUMIDOR
0628,OPTATIVA II - ESTATUTO DA CRIANÇA E DO ADOLESCENTE
0629,OPTATIVA I - SUPORTE NUTRICIONAL PARA PACIENTES CRÍTICOS
0630,OPTATIVA II - NUTRIÇÃO E SOCIEDADE IV
0631,OPTATIVA III - SAÚDE DO TRABALHADOR
0632,ATIVIDADES RÍTMICAS E DANÇA APLICADAS À EDUCAÇÃO FÍSICA
0633,OPTATIVA V - URGÊNCIA E EMERGÊNCIA
0634,MEDICINA COMUNITÁRIA
0635,NUTRIÇÃO E DIETÉTICA
0636,SEGURANÇA ALIMENTAR E NUTRICIONAL
0637,EDUCAÇÃO FÍSICA PARA PESSOAS COM DEFICIÊNCIA
0638,BROMATOLOGIA
0639,DEONTOLOGIA E LEGISLAÇÃO FARMACÊUTICA
0640,FUNDAMENTOS DE CÁLCULO E ESTATÍSTICA
0641,BOTÂNICA APLICADA À FARMÁCIA
0642,ALFABETIZAÇÃO E LETRAMENTO
0643,ENSINO FUNDAMENTAL - ANOS INICIAIS
0644,MATEMÁTICA (CONTEÚDOS)
0645,PROJETO INTEGRADOR III
0646,PSICOLOGIA DO DESENVOLVIMENTO ( 0 A 5 ANOS )
0647,CLÍNICA CIRÚRGICA III
0648,ELETIVO
0649,MEDICINA COMUNITÁRIA I
0650,SAÚDE INTEGRAL DA CRIANÇA III
0651,SAÚDE INTEGRAL DA MULHER III
0652,SAÚDE INTEGRAL DO ADULTO IV
0653,CLÍNICA CIRÚRGICA IV
0654,MEDICINA COMUNITÁRIA E URGÊNCIA / EMERGÊNCIA
0655,SAÚDE INTEGRAL DA CRIANÇA IV
0656,SAÚDE INTEGRAL DA MULHER IV
0657,SAÚDE INTEGRAL DO ADULTO V
0658,OPTATIVA III - DIREITO ELEITORAL
0659,OPTATIVA IV - DIREITO ECONÔMICO E FINANCEIRO
0660,ELETIVA - FUNDAMENTOS DE MARKETING
0661,QUÍMICA III
0662,OPTATIVA I - INTERPRETAÇÃO DE EXAMES LABORATORIAIS
0663,OPTATIVA II - INTERPRETAÇÃO DE EXAMES LABORATORIAIS
0664,FÍSICA I
0665,INTRODUÇÃO À ENGENHARIA CIVIL
0666,MATEMÁTICA FUNDAMENTAL
0667,QUÍMICA
0668,OPTATIVA IV - OTORRINOLARINGOLOGIA
0669,OPTATIVA VI - FARMACOLOGIA CLÍNICA
0670,MORFOFUNCIONAL IV
0671,CLÍNICA CIRÚRGICA II
0672,TRABALHO DE CONCLUSÃO DE CURSO I
0673,TRABALHO DE CONCLUSÃO DE CURSO II
0674,OPTATIVA
0675,URGÊNCIA E EMERGÊNCIA
0676,FARMACOLOGIA I E FARMACOEPIDEMIOLOGIA
0677,QUÍMICA IV
0678,SAÚDE COLETIVA I
0679,PSICOLOGIA DA SAÚDE
0680,NUTRIÇÃO E SAÚDE
0681,OPTATIVA I - CÓDIGO DE ÉTICA MÉDICA
0682,OPTATIVA III - URGÊNCIA E EMERGÊNCIA PEDIÁTRICA
0683,OPTATIVA I - NUTRIÇÃO E ALIMENTOS FUNCIONAIS
0684,CÁLCULO DIFERENCIAL E INTEGRAL I
0685,CIÊNCIAS DO AMBIENTE
0686,DESENHO TÉCNICO
0687,ÉTICA
0688,FÍSICA II
0689,CLÍNICA CIRÚRGICA III
0690,ELETIVO
0691,MEDICINA COMUNITÁRIA I
0692,SAÚDE INTEGRAL DA CRIANÇA III
0693,SAÚDE INTEGRAL DA MULHER III
0694,SAÚDE INTEGRAL DO ADULTO IV
0695,ARTE
0696,EDUCAÇÃO DE JOVENS E ADULTOS
0697,EDUCAÇÃO INCLUSIVA
0698,LÍNGUA PORTUGUESA E LETRAMENTO ( CONTEÚDOS )
0699,PROJETO INTEGRADOR IV
0700,PSICOLOGIA DO DESENVOLVIMENTO ( 6 A 10 ANOS )
0701,MOVIMENTO HUMANO
0702,HIGIENE E SOCORROS DE URGÊNCIA APLICADA À EDUCAÇÃO FÍSICA
0703,OPTATIVA I - BIOMECÂNICA APLICADA A EDUCAÇÃO FÍSICA
0704,PROJETO INTEGRADOR I
0705,ATIVIDADES AQUÁTICAS
0921,PRIMEIROS SOCORROS
444,CLÍNICA MÉDICA II
445,PORTUGUÊS II
446,METODOLOGIA CIENTÍFICA II
447,ATIVIDADES FÍSICAS APLICADAS EM CLUBES E ACADEMIAS
448,FUNDAMENTOS DO LAZER
449,METODOLOGIA DA EDUCAÇÃO FÍSICA PARA POPULAÇÃO ESPECIAL E 3ª
450,METODOLOGIA DAS ATIVIDADES FÍSICAS DA NATUREZA
451,ESTÁGIO SUPERVISIONADO: QUALIDADE DE VIDA E SAÚDE
452,FISIOLOGIA HUMANA E DO EXERCÍCIO
453,PEDAGOGIA DO ATLETISMO
454,PEDAGOGIA DOS ESPORTES COLETIVOS II
455,LIBRAS
456,PEDAGOGIA DOS JOGOS E BRINCADEIRAS
457,PEDAGOGIA DOS ESPORTES COLETIVOS III
458,FISIOLOGIA HUMANA E DO EXERCÍCIO
459,FUNDAMENTOS, POLÍTICAS E LEGISLAÇÃO DA EDUCAÇÃO BÁSICA E DA
460,FUNDAMENTOS DA EDUCAÇÃO FÍSICA PARA PESSOAS COM DEFICIÊNCIA
461,BASES CIENTÍFICAS DO TREINAMENTO ESPORTIVO
462,ESTATÍSTICA APLICADA À EDUCAÇÃO FÍSICA
463,PSICOLOGIA ESPORTIVA
464,ESTÁGIO SUPERVISIONADO: TREINAMENTO ESPORTIVO
465,ADMINISTRAÇÃO E MARKETING ESPORTIVO
466,PRESCRIÇÃO DE EXERCÍCIOS PARA GRUPOS ESPECIAIS
467,GESTÃO DE PROJETOS
468,OPTATIVA II - ASPECTOS LABORATORIAIS DE DIAGNÓSTICO CLÍNICO
469,OPTATIVA V - METODOLOGIA ATIVA EM CASOS CLÍNICOS
470,CLÍNICA MÉDICA III
471,PEDIATRIA II
472,CLÍNICA CIRÚRGICA II
473,GINECOLOGIA E OBSTETRÍCIA II
474,TRAUMA
475,NUTRIÇÃO E SOCIEDADE I
476,NUTRIÇÃO E SOCIEDADE II
477,ANTROPOLOGIA E SOCIOLOGIA
478,MÉTODOS CIENTÍFICOS I
479,ESTÁGIO SUPERVISIONADO EM UNIDADES DE ALIMENTAÇÃO E NUTRIÇÃO
480,OPTATIVA - URGÊNCIA E EMERGÊNCIA
481,CLÍNICA CIRÚRGICA II
482,ESTÁGIO SUPERVISIONADO II
483,SAÚDE INTEGRAL DO ADULTO I
484,TÉCNICA CIRÚRGICA
485,CLÍNICA INTEGRADA II
486,SAÚDE INTEGRAL DA CRIANÇA I ( LABORATÓRIO+IMAGEM)
487,SAÚDE INTEGRAL DA MULHER I
488,CLÍNICA INTEGRADA III
489,SAÚDE INTEGRAL DA CRIANÇA II
490,CLÍNICA CIRURGICA II
491,SAÚDE INTEGRAL DA MULHER I
492,OPTATIVA VI -OTORRINOLARRINGOLOGIA/OFTALMOLOGIA
493,SAÚDE INTEGRAL DO ADULTO I
494,SAÚDE INTEGRAL DA CRIANÇA III
495,CLÍNICA CIRURGICA III
496,SAÚDE INTEGRAL DA MULHER III
497,ELETIVA I
498,SAÚDE INTEGRAL DO ADULTO II
499,SAÚDE INTEGRAL DA CRIANÇA IV
500,CLÍNICA CIRÚRGICA IV
501,SAÚDE INTEGRAL DA MULHER IV
502,ELETIVA II
503,SAÚDE INTEGRAL DO ADULTO III
504,ESTÁGIO SUPERVISIONADO EM NUTRIÇÃO SOCIAL I
505,SAÚDE INTEGRAL DA CRIANÇA V
506,CLÍNICA CIRÚRGICA V
507,SAÚDE INTEGRAL DA MULHER V
508,ELETIVA III
509,MEDICINA COMUNITÁRIA I
510,SAÚDE INTEGRAL DO ADULTO IV
511,SAÚDE INTEGRAL DA CRIANÇA
512,CLÍNICA CIRÚRGICA VI
513,SAÚDE INTEGRAL DA MULHER VI
514,ELETIVA IV
515,MEDICINA COMUNITÁRIA II
516,OPTATIVA I - ACUPUNTURA
517,OPTATIVA III - ANATOMIA TOPOGRÁFICA
518,OPTATIVA IV - DERMATOLOGIA
519,OPTATIVA V - OTORRINO
520,METODOLOGIA DA PESQUISA CIENTÍFICA I
521,METODOLOGIA DA PESQUISA CIENTÍFICA II
522,DIREITO EMPRESARIAL II
523,DIREITO CONSTITUCIONAL III
524,ESCRITÓRIO MODELO DE ASSISTÊNCIA JURÍDICA
525,RESPONSABILIDADE CIVIL
526,DIREITO PROCESSUAL TRABALHISTA
527,DIREITOS HUMANOS
528,LABORATÓRIO DE PRÁTICA JURÍDICA IV - TRABALHISTA
529,ATUALIZAÇÃO JURÍDICA I
530,ÉTICA PROFISSIONAL
531,DIREITO INTERNACIONAL PÚBLICO E PRIVADO
532,DISCIPLINA OBRIGATÓRIA COMPLEMENTAR
533,LABORATÓRIO DE PRÁTICA JURÍDICA I - CÍVEL
534,DIREITO CONSTITUCIONAL III - PROCESSO CONSTITUCIONAL
535,PRÁTICA JURÍDICA II - CÍVEL
536,EDUCAÇÃO FÍSICA E SOCIEDADE I
537,ESPORTES COLETIVOS I
538,FARMÁCIA E SOCIEDADE
539,MÉTODOS DE INSTRUMENTOS DE ANÁLISE E TECNOLOGIA
540,QUÍMICA I
541,HISTÓRIA DA EDUCAÇÃO
542,ÉTICA E SOCIEDADE
543,LEGISLAÇÃO, POLÍTICA E GESTÃO DA EDUCAÇÃO BÁSICA
544,TEORIAS DA APRENDIZAGEM
545,PROJETO INTEGRADOR I
900,RESIDÊNCIA MÉDICA EM CLÍNICA MÉDICA
901,RESIDÊNCIA MÉDICA EM MEDICINA DE FAMÍLIA E COMUNIDADE
902,RESIDÊNCIA MÉDICA EM OBSTETRÍCIA E GINECOLOGIA
903,RESIDÊNCIA MÉDICA EM PEDIATRIA
T001,LÓGICA DE PROGRAMAÇÃO
T002,INTERFACE HOMEM-MÁQUINA
T003,FUNDAMENTOS DE INFORMÁTICA
T004,REDES DE COMPUTADORES
T005,PROJETO INTEGRADOR WEB I ( HTML e CSS )
T006,FUNDAMENTOS DE JOGOS DIGITAIS
T007,PROJETO INTEGRADOR DE JOGOS DIGITAIS I ( SOFTWARE UNITY )
T008,PORTUGUÊS INSTRUMENTAL
T009,INTRODUÇÃO A BANCO DE DADOS
T010,LABORATÓRIO DE EDIÇÃO DE IMAGEM, ÁUDIO E VÍDEO PARA WEB
T011,BANCO DE DADOS
T012,SEGURANÇA DA INFORMAÇÃO
T013,ANÁLISE E PROJETO DE SISTEMAS PARA INTERNET
T014,PROJETO INTEGRADOR WEB II (PHP)
T015,PROGRAMAÇÃO ORIENTADA A OBJETOS EM JAVA
T016,PROJETO INTEGRADOR DE JOGOS DIGITAIS II (SOFTWARE UNITY)
T017,LABORATÓRIO DE EDIÇÃO DE IMAGEM, ÁUDIO E VÍDEO PARA JOGOS
T018,MODELAGEM DIGITAL E COMPUTAÇÃO GRÁFICA (SOFTWARE BLENDER)
T019,JOGOS E INTERFACE HOMEM-MÁQUINA
T020,PROJETO DE JOGOS (GAME DESIGN DOCUMENT - GDD)
T021,EDUCAÇÃO E SOCIEDADE
T022,LÍNGUA PORTUGUESA E COMUNICAÇÃO
T023,MULTIMEIOS DIDÁTICOS I
T024,PROJETO INTEGRADOR I
T025,REDES DE COMPUTADORES I
T026,ANATOMIA E FISIOLOGIA HUMANA
T027,BIOSSEGURANÇA
T028,EDUCAÇÃO NUTRICIONAL
T029,EPIDEMIOLOGIA E SAÚDE PÚBLICA
T030,GESTÃO ESCOLAR DEMOCRÁTICA
T031,HIGIENE E SEGURANÇA NA ESCOLA I
T032,NUTRIÇÃO E ALIMENTAÇÃO ESCOLAR
T033,EMPREENDEDORISMO E TÉCNICAS DE NEGOCIAÇAO
T034,FUNDAMENTOS DE ADMINISTRAÇÃO GERAL E LOGÍSTICA
T035,GERENCIAMENTO E ECONOMIA DE SISTEMAS LOGÍSTICOS
T036,GESTÃO DE PESSOAS
T037,ARQUITETURA DE COMPUTADORES
T038,BANCO DE DADOS I
T039,INFORMÁTICA BÁSICA
T040,LABORATÓRIO DE LINGUAGEM DE PROGRAMAÇÃO I
T041,AVALIAÇÃO NUTRICIONAL
T042,DISTÚRBIOS E DEFICIÊNCIAS NUTRICIONAIS
T043,NUTRIÇÃO BÁSICA E DIETÉTICA
T044,PROJETO INTEGRADOR II
T045,SEGURANÇA ALIMENTAR I
T046,TÉCNICA DIETÉTICA
T047,ADMINISTRAÇÃO DE COZINHAS E CANTINAS ESCOLARES I
T048,ALIMENTAÇÃO SAUDÁVEL
T049,HIGIENE E SEGURANÇA NA ESCOLA II
T050,PLANEJAMENTO E LEGISLAÇÃO ESCOLAR
T051,TÉCNICA DIETÉTICA I
T052,CUSTOS LOGÍSTICOS
T053,GESTÃO DE COMPRAS E CADEIA DE SUPRIMENTOS
T054,GESTÃO DE ESTOQUE E ARMAZENAGEM
T055,LEGISLAÇÃO E TRIBUTAÇÃO APLICADA A LOGÍSTICA
T056,LOGÍSTICA DE TRANSPORTES E DISTRIBUIÇÃO
T057,LABORATÓRIO DE EDIÇÃO DE IMAGEM, ÁUDIO E VÍDEO APLICADO A ED
T058,MULTIMEIOS DIDÁTICOS II
T059,PLANEJAMENTO, GESTÃO E LEGISLAÇÃO ESCOLAR
T060,REDES DE COMPUTADORES II
T061,SISTEMAS OPERACIONAIS
T062,CONTROLE E QUALIDADE DE JOGOS DIGITAIS
T063,INTELIGÊNCIA ARTIFICIAL APLICADA A JOGOS
T064,MARKETING E EMPREENDEDORISMO
T065,PROGRAMAÇÃO DE JOGOS PARA WEB E DISPOSITIVOS MÓVEIS
T066,PROJETO INTEGRADOR DE JOGOS DIGITAIS FINAL
T067,GESTÃO DE PROJETOS WEB
T068,PROGRAMAÇÃO PARA DISPOSITIVOS MÓVEIS
T069,PROJETO INTEGRADOR WEB FINAL
T070,TÉCNICAS AVANÇADAS EM PROGRAMAÇÃO WEB (JAVASCRIPT)
